lab name,address,zip code,city,state,type
"Odom, Nielsen and Kim Laboratory","20436 Anthony Unions
Port Edwin, OH 28491",96105,North Maryview,Indiana,Private Laboratory
Cuevas-Foster Laboratory,"03186 Nguyen Summit Suite 869
Lake David, IL 15043",99425,Port Tammyhaven,New Mexico,University Laboratory
Riddle-Davis Laboratory,"98604 Swanson Harbor
West Crystal, IA 90370",56189,New Chris,Indiana,Collection Site
Jones Ltd Laboratory,"513 Webb Curve Apt. 229
Karenburgh, HI 22276",62421,Galvanview,Florida,Collection Site
Yang and Sons Laboratory,"9392 Ryan Fall
South Joshua, IL 43710",87887,Port Brandon,West Virginia,Private Laboratory
Hernandez Inc Laboratory,"2749 Edwards River Suite 942
Millerberg, ME 69779",61597,Mcdanielburgh,Maryland,Government Laboratory
Holmes Group Laboratory,"8096 Joseph Point Suite 041
Alyssabury, CT 55678",13527,Andrefort,Pennsylvania,Collection Site
"Scott, Sparks and Haney Laboratory","329 Morgan Shores Apt. 645
Port Christopher, SC 14625",23030,Lake Josephport,Nebraska,University Laboratory
"Hale, Jones and Guzman Laboratory","4805 Dickerson Drives Apt. 842
Waremouth, ND 24227",1422,Wardville,Connecticut,Hospital Laboratory
"Wilson, Davis and Ryan Laboratory","88366 Jennifer Port
Shaneburgh, NC 96112",34360,Walkermouth,Nevada,Private Laboratory
"Morgan, Campbell and Martin Laboratory","Unit 2363 Box 6463
DPO AE 04234",64392,Wrightstad,Kentucky,Hospital Laboratory
"Ward, Dixon and Carlson Laboratory","Unit 4362 Box 5157
DPO AE 10374",11834,Kaylaville,Pennsylvania,Private Laboratory
Macias-West Laboratory,"1284 Amy Place
Wagnerbury, MO 60874",64050,Johnsonview,Oklahoma,University Laboratory
"Parker, Becker and Cross Laboratory","621 Olson Trail Suite 967
Cindyhaven, RI 51666",98476,West Alexander,Michigan,University Laboratory
"Swanson, Rose and Glover Laboratory","PSC 8070, Box 4568
APO AP 28224",40640,Lake Jeffrey,Wisconsin,Private Laboratory
Kennedy Group Laboratory,"92333 Jones Expressway
East Andrewburgh, VA 76517",3655,Davidville,Texas,Collection Site
Porter Ltd Laboratory,"58435 Kimberly Trail Apt. 266
East Mary, GA 05201",77865,New Kyle,Kansas,Collection Site
Velasquez-Marshall Laboratory,"220 Cruz Pass Suite 561
Lake Taylorville, RI 57946",50847,Leslieview,New Hampshire,Hospital Laboratory
Watson and Sons Laboratory,"08448 David Row Suite 680
Tannerbury, MD 77541",8633,West Joshua,Florida,Government Laboratory
Harris-White Laboratory,"USCGC Smith
FPO AE 32175",75162,East Evelyn,Alaska,Collection Site
Pacheco-Blanchard Laboratory,"USNS Carey
FPO AA 34676",72930,South Bailey,Texas,Government Laboratory
"Nelson, Espinoza and Flynn Laboratory","17395 Christine Mill
Lake Johnville, MA 91691",65688,Jacobshire,California,Collection Site
Adams-West Laboratory,"7739 Michael Cove Suite 238
Brookeview, NM 02449",90862,Ninashire,Massachusetts,Collection Site
Miller-Sparks Laboratory,"44355 Justin Union
East Joseburgh, CT 09048",82445,Wilsonton,South Dakota,Collection Site
Osborne Ltd Laboratory,"087 Jones Roads
New James, IL 51429",52120,Reginaville,West Virginia,Hospital Laboratory
Andersen-Saunders Laboratory,"33678 Crystal Mount
Tiffanyshire, MT 44680",53272,New Ryanhaven,Georgia,University Laboratory
"Smith, Parker and Green Laboratory","9390 Beasley Island Suite 922
West Monicahaven, MA 93216",87763,Sydneyton,Florida,Government Laboratory
Dominguez-Jones Laboratory,"290 Holmes Unions
Jamieburgh, OH 49003",18481,South George,Montana,Collection Site
Allen-Parks Laboratory,"154 Joshua Cliffs Suite 546
Lawsonstad, MT 34758",42528,North Theresa,Idaho,Government Laboratory
Daniels-Underwood Laboratory,"29518 Amanda Shore Apt. 259
East David, NJ 57662",7705,North Melissa,Hawaii,Government Laboratory
Murphy-Green Laboratory,"34092 Kaylee Islands
Dudleyfurt, DC 42435",72332,East Jay,California,Government Laboratory
Griffith-Jenkins Laboratory,"01489 Norton Summit
Shahton, KS 77871",5421,Bethanyhaven,Michigan,Private Laboratory
"Perez, Jackson and Hodges Laboratory","077 Joann Underpass Suite 835
North Franklinton, NV 82237",6398,Christianhaven,Connecticut,Collection Site
Scott-Nolan Laboratory,"9477 Kristen Circle
New Karen, RI 18279",57795,Jessicaton,Maine,Government Laboratory
Barrett Ltd Laboratory,"67101 Eric Court
South Todd, NY 28320",82653,Port Markland,Iowa,Hospital Laboratory
"Long, Schneider and Turner Laboratory","7196 Park Court
Grantton, VA 47147",84412,Lake Ian,South Carolina,Government Laboratory
Berg-Martinez Laboratory,"05296 Taylor Flats
North Rachel, MD 69325",52556,Port Lindsaybury,South Dakota,Hospital Laboratory
"Cooper, Taylor and Vazquez Laboratory","022 Timothy Gardens
Tiffanychester, KS 61486",48738,South Tiffany,Maine,Hospital Laboratory
Henderson-Roberts Laboratory,"Unit 4768 Box 9483
DPO AA 66676",97305,Lake Andre,Missouri,Private Laboratory
Bailey Inc Laboratory,"46876 Pierce Bridge
New Andreashire, HI 25387",33395,Susanmouth,Minnesota,Private Laboratory
"Hamilton, Lewis and Robinson Laboratory","209 Kevin Track
Lake Joshua, OR 59452",39206,East Brandon,Hawaii,Collection Site
Pierce Ltd Laboratory,"773 Jeremy Underpass Suite 113
Kelleyborough, TX 59350",3451,Port Holly,West Virginia,Private Laboratory
"Patton, Curry and Everett Laboratory","8451 Williams Trace Suite 668
Clarkstad, NM 57971",32608,West Shawn,Montana,Private Laboratory
English-Cox Laboratory,"65386 Charles Mews
Ambermouth, WV 50610",99949,Yoderfurt,Kentucky,University Laboratory
Vazquez Group Laboratory,"18209 Gardner Curve Suite 224
Yatesstad, CO 54485",4794,East Catherineville,New Mexico,Collection Site
Wilson and Sons Laboratory,"679 Daniel Squares Suite 545
South Kimberlyfurt, NJ 53239",73719,South Edwardmouth,Arizona,Collection Site
"Harris, Irwin and Hernandez Laboratory","PSC 8790, Box 2221
APO AE 71153",90008,Port Sharon,New Jersey,Government Laboratory
Wallace Group Laboratory,"USNV Campbell
FPO AA 83091",8619,Georgeberg,New York,Government Laboratory
Walsh-Ritter Laboratory,"6788 Taylor Stream Suite 792
Port Lisaside, ME 94897",75963,East Marvinfort,Colorado,Hospital Laboratory
Moore Inc Laboratory,"8760 Tammy Roads Apt. 396
West Michellebury, NM 52829",14646,Johnberg,Nebraska,Government Laboratory
Tyler-Smith Laboratory,"72336 Jeffrey Oval
Jessicaville, NJ 09179",951,Port Jasonfurt,Vermont,Government Laboratory
Lopez-Smith Laboratory,"42474 Colon Street Suite 563
Carlsonland, WY 94830",73588,North Sean,Pennsylvania,Government Laboratory
"Riley, Torres and Kirk Laboratory","PSC 3042, Box 0750
APO AE 83414",19429,Martinside,Idaho,University Laboratory
"Sutton, Cannon and Williams Laboratory","980 Colleen Village
Chaneymouth, HI 73234",80333,South Tracymouth,Hawaii,Hospital Laboratory
"Wyatt, Preston and Williams Laboratory","07789 Richardson Tunnel
Faulknerburgh, MS 95388",76098,Christopherhaven,West Virginia,Government Laboratory
Reese and Sons Laboratory,"Unit 7956 Box 5110
DPO AA 06168",94123,Angelastad,Massachusetts,Hospital Laboratory
Wood Inc Laboratory,"PSC 8425, Box 7933
APO AP 72522",32342,Port Christopher,Iowa,Hospital Laboratory
Oliver-Smith Laboratory,"Unit 2155 Box 3190
DPO AE 31134",34563,New Kevin,Wyoming,Private Laboratory
Howard PLC Laboratory,"0949 Daniel Burgs Suite 596
North Sarah, DC 25478",64088,Cherylberg,West Virginia,Government Laboratory
Shaw-Rodriguez Laboratory,"653 Lynch Camp Suite 360
Port Mario, NC 95610",54703,Port Destinyland,Indiana,Hospital Laboratory
"Adams, Rhodes and Steele Laboratory","4082 Allen Mountain Suite 080
Lake Benjamin, SD 55427",50388,Port Adam,Washington,Hospital Laboratory
"Prince, Ellis and Mcmahon Laboratory","52695 Steven Extensions Suite 370
Taylorport, NY 73125",16492,Reyesville,Maine,Private Laboratory
Green and Sons Laboratory,"5259 Peterson Estate
Port Christina, NV 80436",5518,East Cherylview,South Carolina,Private Laboratory
Johnson-Daugherty Laboratory,"10331 Chad Passage
Vegafurt, AZ 55719",2087,Port Amandamouth,Nebraska,Collection Site
"Tucker, Chambers and Myers Laboratory","240 Kelly Corners Apt. 723
Willieberg, SC 86418",37866,Aliciamouth,Alabama,University Laboratory
"Mccullough, Dominguez and Fitzgerald Laboratory","07914 Williams Turnpike
North Scott, DC 39947",67303,Port Leonardburgh,Kentucky,University Laboratory
Rodriguez Inc Laboratory,"110 Collier Mill
West Joshua, NH 77535",8671,Angelaborough,South Carolina,Collection Site
"Small, Burke and Hodges Laboratory","48886 Barajas Cliffs Apt. 023
West Miguelville, OK 41456",84985,North Kevinfort,Arizona,Government Laboratory
Jimenez PLC Laboratory,"USCGC Watson
FPO AA 10936",60829,Williamberg,Georgia,University Laboratory
George-Blanchard Laboratory,"57263 Grant Dale
Amandaberg, NM 04596",25227,West Joshua,New York,Private Laboratory
Foster-Tate Laboratory,"600 Tracy Brooks
Amandashire, WA 07789",20381,Russellhaven,Michigan,Hospital Laboratory
Mullins-Wolf Laboratory,"539 Brian Wall Apt. 594
Johnsonberg, MN 84148",12670,West Matthewland,Texas,Hospital Laboratory
"Pollard, Patterson and Whitehead Laboratory","80612 Jones Passage Apt. 835
Waltonberg, WY 60028",95654,Port Gina,Colorado,Collection Site
Marks and Sons Laboratory,"96464 Alexander Lock Suite 739
Port Keith, FL 17086",37796,East Cody,Montana,Hospital Laboratory
Andrews Group Laboratory,"3923 Christine Meadow Apt. 059
Jillland, VA 30457",14929,Reidland,New York,Hospital Laboratory
Mclean Ltd Laboratory,"11826 Judith Trafficway Suite 152
Moralesmouth, RI 27897",8248,East Candicestad,Pennsylvania,Hospital Laboratory
"Young, Mcmillan and Hooper Laboratory","PSC 0166, Box 1042
APO AA 52229",34435,East Sharonport,Hawaii,Government Laboratory
Williams-Navarro Laboratory,"Unit 6221 Box 7215
DPO AP 75222",59151,Benjaminshire,New Jersey,University Laboratory
Ortiz LLC Laboratory,"87773 Jeffrey Spring Suite 177
Stewartfort, OH 84946",89139,Lake Deborahmouth,Georgia,Collection Site
"Waters, Long and Richardson Laboratory","9722 William Trail
Port Nancy, NC 93637",5001,Russellmouth,California,Hospital Laboratory
"Wilson, Love and Hamilton Laboratory","238 Steven Cliff
New Jenniferburgh, RI 80204",98412,Sheppardmouth,Arizona,Private Laboratory
Thomas-Tran Laboratory,"0819 Michelle Turnpike
North Edward, MN 62683",79478,East Emilyview,Nevada,Collection Site
Harper-Burgess Laboratory,"19788 White Mission Apt. 499
Jamesville, VT 75952",3728,Jasminestad,North Carolina,Hospital Laboratory
Moreno-Bruce Laboratory,"7312 Megan Stream
East Jeremy, DC 79788",54475,Kennethhaven,West Virginia,University Laboratory
"Torres, Barrera and Johnson Laboratory","1459 Woods Course Apt. 127
South Brandystad, NJ 02908",93125,Russellmouth,Arkansas,Collection Site
Torres Ltd Laboratory,"73760 Jones Throughway Apt. 255
Elizabethmouth, ID 17659",25631,South Brian,Idaho,University Laboratory
Salinas Ltd Laboratory,"464 Hall Plaza Suite 447
Anthonytown, LA 07234",44842,Harrisonfort,Hawaii,Government Laboratory
Johnson-Parker Laboratory,"143 Stone Dale Apt. 776
Port Carol, MD 80120",52656,Veronicastad,Michigan,University Laboratory
"Moore, Brown and Smith Laboratory","1422 Billy Harbor Apt. 059
Smithbury, MI 09078",58601,East Jamesville,Louisiana,Hospital Laboratory
"Kennedy, Wilcox and Mcconnell Laboratory","2798 Hayes Drive
South Nancy, MD 83518",6758,Lake Candacemouth,New York,Government Laboratory
Holland-Gordon Laboratory,"59305 Schneider Crescent
Michelleton, IA 66891",44216,West Chasemouth,Georgia,University Laboratory
Green-Garza Laboratory,"4133 Barbara Stravenue
Melissachester, VA 30239",72532,East Sherryhaven,Louisiana,University Laboratory
Black and Sons Laboratory,"82102 Pedro Freeway
Thomasmouth, WV 08573",72730,East Dawn,Ohio,Government Laboratory
"Green, Duran and Smith Laboratory","057 Cruz Rest Suite 865
North Gloria, CA 04904",53284,South Kenneth,Maryland,Private Laboratory
Mendez-Baldwin Laboratory,"416 Stout Ports Apt. 941
Heidifort, AK 05498",28016,Carolmouth,South Carolina,Hospital Laboratory
"Waters, Pratt and Stanton Laboratory","97165 Sergio Course Apt. 389
West Diana, HI 67440",90321,Matthewview,Nevada,University Laboratory
Wade and Sons Laboratory,"731 Tanya Shoal Suite 160
South Paul, CT 77243",73250,East Michaelborough,South Carolina,University Laboratory
King-Miller Laboratory,"5122 Smith Haven Apt. 069
West Andrewstad, RI 14552",70666,West Jameschester,Kansas,University Laboratory
"Henderson, Rogers and Cannon Laboratory","123 Sexton Divide
Traceychester, ID 49448",86893,Raymondhaven,Missouri,Private Laboratory
Goodwin-Anderson Laboratory,"Unit 4498 Box 1690
DPO AP 86823",22764,North Mary,Missouri,Private Laboratory
"Brown, Anderson and Kane Laboratory","0487 Sean Viaduct
Heidibury, IN 14053",85854,North Kimberlyfort,Minnesota,Hospital Laboratory
"Lynch, Hall and Cisneros Laboratory","56839 Jacob Pine Suite 224
North Ronaldport, KY 88520",94326,Janemouth,Nebraska,Government Laboratory
"Murray, Odonnell and Miller Laboratory","096 Armstrong Port Apt. 266
West Darrellmouth, OH 70868",22924,West Alexis,Montana,Collection Site
Buchanan-Rivera Laboratory,"9041 Anthony Flats Suite 209
New John, ND 69527",90772,New Kaitlyn,Nebraska,Government Laboratory
Bennett Inc Laboratory,"824 Jacob Street
Port Debramouth, PA 98078",23627,New Michael,Vermont,University Laboratory
Long Ltd Laboratory,"02968 Adams Fork Apt. 032
Spencerview, MT 93215",16885,New Michaelfort,Alaska,Hospital Laboratory
"Rivera, Harding and Mendoza Laboratory","47620 Young Camp
Ashleyland, AZ 76541",74683,Hunterview,Maine,University Laboratory
"Harris, Guzman and Allen Laboratory","6190 Hancock Trail
Cynthiaborough, NM 98550",61703,Ericaview,South Dakota,Government Laboratory
"Matthews, Weber and Becker Laboratory","66230 Krause Land Apt. 982
Robertsbury, TX 26209",98739,North Richard,Vermont,Government Laboratory
"Frost, Oneill and Romero Laboratory","6158 Henry Prairie Apt. 635
Christopherville, DC 54667",77167,South Andrew,Nebraska,University Laboratory
Brown-Hubbard Laboratory,"211 Knight Mission
Mariaton, ND 58308",90113,Gabrielastad,Nebraska,Hospital Laboratory
Roberts-Smith Laboratory,"188 Tyler Lane
Port Jenniferchester, CA 07201",41314,Robertville,Rhode Island,Collection Site
Yu-Wright Laboratory,"802 Walker Wall
South Allisonbury, PA 69665",1578,East Lorifort,Kansas,Government Laboratory
Navarro Inc Laboratory,"445 Mendoza Valleys Suite 471
North Angela, RI 50738",61389,Thomasshire,California,Collection Site
Gray PLC Laboratory,"38834 Gill Plaza
South Randyton, KY 57985",37367,Leetown,Louisiana,Government Laboratory
"Moore, Mitchell and Irwin Laboratory","USNV Johnson
FPO AE 21460",99834,Teresastad,North Dakota,Government Laboratory
Norris Inc Laboratory,"PSC 2140, Box 7484
APO AP 64525",90814,West Bryan,North Carolina,Private Laboratory
Randall Inc Laboratory,"227 Williams Crossroad
Amberbury, AR 64135",43625,North Derek,Kentucky,Collection Site
"Frederick, Smith and Oliver Laboratory","5904 Matthew Terrace
Michaelshire, HI 73347",23285,North Carlside,South Dakota,University Laboratory
Gould-Hancock Laboratory,"191 Rogers Mews
Hahnfurt, PA 47999",3467,West Steven,Indiana,University Laboratory
Williams Inc Laboratory,"USCGC Mcdaniel
FPO AA 36954",90433,New Mariaborough,Rhode Island,Collection Site
Pace-Jenkins Laboratory,"802 Lewis Lock Apt. 636
Spencerhaven, TX 99754",87234,Johnstonhaven,Georgia,Hospital Laboratory
"Prince, Bartlett and Diaz Laboratory","68263 Trevor Square
East Jaimestad, WV 76137",25858,Port Sophiamouth,Idaho,Government Laboratory
Davis LLC Laboratory,"5485 Johnson Valley
East Jamesbury, MD 09002",48303,Smithbury,Mississippi,University Laboratory
"Collins, Barber and Murray Laboratory","7930 Clements Lake
West Kevin, MO 21835",62576,Medinachester,Maryland,Collection Site
Ward-Burton Laboratory,"USS Diaz
FPO AP 10624",58810,Nelsontown,Oklahoma,University Laboratory
"Williams, Kane and Evans Laboratory","USNV Carpenter
FPO AP 55097",9603,New Sean,South Carolina,Government Laboratory
"Gonzalez, Hurley and Fitzgerald Laboratory","3769 Todd Ports Suite 708
Gloriaborough, TN 02511",21114,Robinfort,Ohio,Private Laboratory
Henderson-Richardson Laboratory,"055 Caitlin Plaza
Feliciashire, NY 75446",80207,South Charles,Iowa,University Laboratory
Rodriguez-Fields Laboratory,"027 Charles Via
Port Brandimouth, NC 47696",23510,Delacruzfort,Missouri,Government Laboratory
Walker LLC Laboratory,"373 Brandy Square
Howellport, NE 77014",71042,Pattersonport,North Carolina,University Laboratory
"Nelson, Wood and Munoz Laboratory","586 Joy Run
South Michaelmouth, ND 15863",48274,Port Kristiside,Arkansas,Private Laboratory
Grimes Inc Laboratory,"96198 Charles Drive
Williamsstad, NV 40756",44304,West Robert,Arizona,Collection Site
"Pearson, Carter and Roth Laboratory","5479 Bailey Locks
Amandamouth, WI 81163",89103,Lake Marychester,Michigan,Collection Site
"White, Bennett and Coleman Laboratory","784 Fisher Groves Suite 073
Lake Mauricefort, ID 01590",16619,Griffinberg,New York,Government Laboratory
"Jones, Nielsen and Mccoy Laboratory","843 Julia Vista
Davidland, MI 28402",59121,East Davidshire,Alaska,University Laboratory
Lara-James Laboratory,"698 Michael Via Suite 063
North Bernardshire, AK 33961",1220,Robertborough,Tennessee,Government Laboratory
"Johnson, Spence and Mitchell Laboratory","PSC 5553, Box 9974
APO AA 99763",62272,South Joy,Minnesota,Private Laboratory
"Snyder, Wood and Carroll Laboratory","2565 Hawkins Island
Garciatown, MT 43632",46010,New Raymondfurt,Michigan,Private Laboratory
"Stafford, King and Ortiz Laboratory","2747 Amber Cape Suite 647
Beanburgh, UT 49536",43696,Scottfurt,Missouri,Hospital Laboratory
Howard-Moore Laboratory,"Unit 3054 Box 9300
DPO AP 09058",44046,Charlesmouth,Mississippi,Government Laboratory
Johnson-Giles Laboratory,"745 Derek Spring Suite 711
South Stephanieville, GA 92714",44420,West Mary,Vermont,Government Laboratory
James-Barrera Laboratory,"35632 Robert Ports
Lake Kyleberg, AZ 68319",56968,Carrollstad,Tennessee,Hospital Laboratory
Mcintosh Inc Laboratory,"3575 Carson Tunnel Apt. 742
New Ericberg, MT 30338",90520,Rodriguezmouth,Virginia,University Laboratory
Kelley-Powell Laboratory,"993 Navarro Key Suite 501
Lake Misty, FL 37303",10753,Danielborough,Pennsylvania,Hospital Laboratory
Torres-Salazar Laboratory,"Unit 6797 Box 1928
DPO AA 17567",74205,West Peggy,South Dakota,Collection Site
"Cobb, Wall and Marshall Laboratory","9177 Marshall Corners
Port Jason, ID 06810",7207,Port Brian,New Hampshire,Private Laboratory
Chapman-Bryant Laboratory,"083 Mcguire Place Suite 293
Thomasborough, KS 51495",97341,Marvinhaven,Minnesota,Collection Site
"Montgomery, Smith and Patel Laboratory","3095 Michelle Flats Suite 020
Watsonport, OK 69328",81158,Castanedafurt,Kentucky,University Laboratory
"Webster, Morris and Brooks Laboratory","67242 Jennifer River
Cookfurt, MA 75675",22850,Micheleland,Connecticut,Government Laboratory
"Trevino, Kane and Woodard Laboratory","3183 Erica Viaduct
Nelsonberg, NE 35869",91010,Lisachester,Iowa,Hospital Laboratory
Lee-Spencer Laboratory,"62111 Dylan Landing
West Williamshire, FL 12284",43971,Angelachester,Alaska,Government Laboratory
James-Williams Laboratory,"PSC 1815, Box 6491
APO AE 96112",16358,Lewisport,Delaware,Government Laboratory
Harris-Larson Laboratory,"313 Charles Wells Apt. 039
South Jamie, WY 16285",91646,Jessicaburgh,Arkansas,University Laboratory
West and Sons Laboratory,"30858 West Mountains Apt. 376
New Emily, MT 83871",56943,New Michaelberg,Texas,Hospital Laboratory
Murray-Lynch Laboratory,"USNV Blanchard
FPO AE 96656",28052,West Ashleystad,Minnesota,Collection Site
"Oliver, Collins and Good Laboratory","10017 Campos Parks
Lake Jillburgh, RI 66039",18652,West Nicole,South Dakota,Hospital Laboratory
"Kaiser, Jarvis and Gonzales Laboratory","5140 Perez Fords Suite 951
South Danielburgh, WA 12603",2598,Torresborough,Idaho,Private Laboratory
Jimenez-Morrow Laboratory,"19797 Richardson Trace
Zacharyberg, CT 87419",62335,Herrerafurt,Minnesota,Collection Site
Wade Group Laboratory,"91119 Veronica Isle Suite 081
Brendabury, SD 04756",63367,South Meganland,North Dakota,Collection Site
Medina-Adams Laboratory,"PSC 8951, Box 1814
APO AE 05137",82222,West Allenland,New Hampshire,University Laboratory
Hill Inc Laboratory,"1900 Watson Shores
West Andres, OK 06357",95394,New Kevin,Minnesota,University Laboratory
Anderson-Garcia Laboratory,"875 Larson Gateway
West Brandon, ND 34984",11668,East Sara,North Carolina,University Laboratory
"Coleman, Flynn and Simpson Laboratory","046 Johnson Green
East Michaelfurt, GA 66843",70904,Grantborough,Mississippi,Hospital Laboratory
Briggs Ltd Laboratory,"486 Fuller Land Suite 830
Millerville, NE 52863",26091,West Donald,Washington,Collection Site
Brown-Huber Laboratory,"86648 Gregory Run Apt. 066
Shanechester, MS 60033",65815,South Jared,Colorado,Hospital Laboratory
Moss-Lambert Laboratory,"09537 Powers Tunnel
Port Lauren, OR 40049",2430,West Taylor,Maine,University Laboratory
"Robinson, Acevedo and Lynch Laboratory","4135 William Ports Apt. 147
Lisaside, WY 58519",91677,Port Madison,Nebraska,Private Laboratory
Martinez Inc Laboratory,"369 Ward Underpass
Smithborough, WV 51308",10162,Port Shane,Kansas,Private Laboratory
Henry-Thompson Laboratory,"USCGC Dickson
FPO AP 70319",95510,Port Derekburgh,New Mexico,Private Laboratory
Robinson-Allen Laboratory,"40034 Gray Vista
East Courtney, PA 57206",36275,North Adriantown,West Virginia,Collection Site
"Massey, Lee and Walters Laboratory","02384 Stephanie Turnpike Suite 844
Jamesbury, AL 45103",20364,East Janetmouth,Nebraska,Hospital Laboratory
"Mullins, Harvey and Lane Laboratory","49669 Cody Fork Apt. 073
Leeside, DE 97010",86550,Port Megan,North Carolina,Collection Site
"Morris, Mckinney and Nelson Laboratory","0919 Reynolds Forks
Bentonshire, KY 53944",5576,New Lori,Pennsylvania,Hospital Laboratory
Perez Ltd Laboratory,"02315 Autumn Lodge
Benjaminfort, IN 34937",45258,Port Kristen,New York,Collection Site
Brown-Walker Laboratory,"6876 Zachary Extension Suite 598
Wongfort, MN 96532",18402,Port Tyler,Oklahoma,Collection Site
Anderson PLC Laboratory,"97780 Carter Rest Apt. 210
Lindamouth, OR 59644",39287,East Russell,New Hampshire,Private Laboratory
Jones and Sons Laboratory,"34446 Tran Lodge
West Angelaberg, ND 05892",38055,Port Susan,Ohio,Private Laboratory
Hall-Farrell Laboratory,"939 Mason Run Apt. 139
Lynchfurt, NM 07667",93266,Austinburgh,South Carolina,Collection Site
Bradley-Patton Laboratory,"87450 Juan Mews
South Amy, NV 27925",82462,South Christopher,Michigan,Collection Site
"Graham, Hines and Flores Laboratory","94695 Key Ferry
North Madelinefort, IL 64730",8001,Williamsport,New Mexico,University Laboratory
Yoder-Martin Laboratory,"571 Matthew Port
East Williamton, WV 52046",28180,West Shelly,Ohio,Private Laboratory
Barrett-Goodwin Laboratory,"163 Hodges Mills Suite 369
West Traceystad, NM 90498",47200,Ramseyburgh,Rhode Island,Collection Site
"Hughes, Saunders and Johnson Laboratory","2648 Fowler Courts Suite 557
Tabithahaven, MT 93999",76082,Jamesside,Colorado,University Laboratory
Lucas LLC Laboratory,"28357 Daniel Squares Apt. 757
Parkerhaven, CO 63545",67340,Port Mikeside,Kansas,Private Laboratory
Dawson-Ellis Laboratory,"10954 Tammy Forge Apt. 318
West Julieside, NE 66755",4141,New Jacob,Michigan,Hospital Laboratory
"Webster, Mcclure and Hopkins Laboratory","473 Jennifer Run Apt. 139
Lake Tamara, MN 61437",44666,Sharonside,Oregon,Hospital Laboratory
"Shaw, Adams and Long Laboratory","23122 Rivera Knolls Suite 938
Port Melissaland, WV 70746",21959,Petersonborough,Wyoming,University Laboratory
"Hahn, Gill and Tucker Laboratory","779 Laura Falls
Andreamouth, VT 31507",44417,South Bradville,Pennsylvania,Hospital Laboratory
Johnson-Davila Laboratory,"6039 Jeremy Expressway
South Thomasfurt, AR 69204",41186,West Rachel,Virginia,University Laboratory
"Macdonald, Monroe and Moore Laboratory","03545 Garrett Roads Suite 126
South David, ID 95391",52395,Rosefort,New York,Government Laboratory
Wright Ltd Laboratory,"47213 Wade Lane Suite 914
Lindsayfurt, ND 99064",32210,Port John,Pennsylvania,Hospital Laboratory
Greene-Roberts Laboratory,"445 Reeves Meadow Suite 975
East Jonathanbury, MA 97951",67309,Port Shawnburgh,Alabama,University Laboratory
Moss LLC Laboratory,"65210 Mark Field Apt. 142
Port Emilyshire, ID 04255",91251,Hicksfort,Indiana,Private Laboratory
"Davidson, Baker and Johnson Laboratory","46560 Ellis Springs Apt. 838
East Jeffreymouth, MT 99832",37464,Michaelborough,Delaware,University Laboratory
Smith PLC Laboratory,"7834 Taylor Plaza
Navarroburgh, WI 17574",72468,Davidchester,Virginia,Government Laboratory
Simpson-Smith Laboratory,"467 Sharp Union Suite 474
East Jeffreymouth, LA 42372",98097,North Hunter,Virginia,Private Laboratory
"Elliott, Sloan and Mercer Laboratory","877 Sara Green Suite 625
Laurastad, ME 73262",94882,Vanessaside,Maine,Collection Site
Williams Inc Laboratory,"691 Ana Gardens
West Karen, NH 07242",6597,Bryanburgh,Delaware,Collection Site
Newton Group Laboratory,"4597 Combs Views
Blakeshire, AZ 08981",62594,Lake Kimberly,South Carolina,Private Laboratory
"Walker, Castillo and Foster Laboratory","9665 Danny Meadow
Johnsonchester, UT 95366",16737,New Jennifer,New Jersey,University Laboratory
"Frye, Jones and Thomas Laboratory","773 John Plaza Suite 075
Jameston, AK 23154",12355,Sarahfort,Louisiana,Government Laboratory
Reed-Elliott Laboratory,"175 Francis Locks Suite 857
Jochester, AL 39683",80119,North Betty,Minnesota,Hospital Laboratory
Williams Inc Laboratory,"2041 Johnny Unions Suite 536
North Jessicabury, ID 54064",53525,West Janetstad,Rhode Island,Collection Site
Cooper-Guzman Laboratory,"843 Rachel Manors Apt. 299
Lake Michael, MS 15211",50569,South Katherine,Idaho,Government Laboratory
"Ramirez, Ball and Norris Laboratory","466 Cox Overpass Suite 283
Port Kaylaburgh, GA 57609",43317,Curryshire,Nebraska,Hospital Laboratory
Hunt LLC Laboratory,"934 Corey Knolls
Lake Meganport, ID 85438",42049,Burgessmouth,Wisconsin,Government Laboratory
Mason-Payne Laboratory,"USCGC Phillips
FPO AA 04539",43437,Schroederland,Virginia,Hospital Laboratory
Smith-Bennett Laboratory,"80681 Robert Hills Suite 623
Ashleyshire, IL 92653",57567,North Michaelside,Louisiana,Collection Site
Leonard PLC Laboratory,"USNS Mahoney
FPO AE 83025",68091,Joannastad,Minnesota,Collection Site
Washington PLC Laboratory,"3574 Lozano Mountains Suite 969
New Alexishaven, VT 33990",63617,Lake Richard,Iowa,Collection Site
"Porter, Hall and Freeman Laboratory","103 Keith Pike
Hinesburgh, OR 88052",55463,East Karenbury,Tennessee,University Laboratory
"Williams, Clark and Todd Laboratory","6363 Matthew Square Suite 653
New Sharon, AK 16083",15922,Zacharyberg,Alaska,University Laboratory
Mendoza-Ramirez Laboratory,"00774 Tracy Summit Suite 803
North Daniel, TX 34969",22471,Lake Jefferyborough,Montana,Government Laboratory
Garcia Group Laboratory,"24191 Eric Divide
Lake Darius, UT 03759",39275,Barnesville,Indiana,Collection Site
"Tran, Ramos and Caldwell Laboratory","998 Tina Island
New Karl, UT 10073",21158,North Michaelland,New Jersey,Private Laboratory
"Duke, Warren and Burke Laboratory","9546 Peter Village
South Christianton, SC 26734",77431,New Jennifer,Ohio,Hospital Laboratory
Hughes Inc Laboratory,"1882 Daniel Ridge Apt. 526
East Darleneshire, MS 13714",96921,Liberg,Alaska,Collection Site
Leonard PLC Laboratory,"USNV Henry
FPO AP 08467",72323,North Jodi,Arkansas,Hospital Laboratory
Gonzalez Ltd Laboratory,"9711 Russo Flat
Maryshire, MI 24008",27377,East Kevin,South Dakota,Collection Site
Carlson LLC Laboratory,"234 Anthony Springs Apt. 619
Lake Larry, IA 83416",3483,East Dianetown,Arkansas,Hospital Laboratory
"Bell, Lopez and Fisher Laboratory","39415 Harmon Vista
East Grant, ME 51673",20166,North Joe,Nebraska,Hospital Laboratory
"Maddox, Berg and Gibbs Laboratory","3927 Mccormick Walk
South Patrickmouth, CT 99392",27491,North Todd,Mississippi,Hospital Laboratory
"Robertson, Martinez and Fowler Laboratory","Unit 7348 Box 6844
DPO AA 52175",89856,West Anna,North Dakota,Hospital Laboratory
"Banks, Nelson and Edwards Laboratory","69876 Mccoy Light
Alexisview, CA 86409",5196,West Loganmouth,Montana,Government Laboratory
Clark-Campbell Laboratory,"PSC 6286, Box 3671
APO AA 96073",50205,New Stephanieshire,South Dakota,Government Laboratory
"Smith, Ramirez and Roberts Laboratory","335 Mahoney Tunnel
Lake Michaelbury, MO 27434",37554,North George,Virginia,Government Laboratory
"Berry, Butler and Mills Laboratory","74947 Brian Club Suite 627
New Andrew, VT 73978",79310,South Lauren,New York,University Laboratory
Avila LLC Laboratory,"615 Patricia Lock Suite 725
Yangburgh, NM 54278",85593,North Karen,New York,Hospital Laboratory
"Miller, Rivera and Moore Laboratory","3764 Patterson Creek Apt. 329
Clarkburgh, VT 90352",43886,Lake Robert,West Virginia,Government Laboratory
Murphy-Bishop Laboratory,"677 Stephen Station
Williamsport, KY 00750",51336,South Steven,Wisconsin,Private Laboratory
Moody Group Laboratory,"374 Jefferson Inlet Suite 997
West Olivia, IA 54045",88319,Katiefort,Washington,Collection Site
Oconnor Ltd Laboratory,"55844 Susan Glens
Rachelberg, PA 24449",30038,Port Johnton,Arkansas,Hospital Laboratory
Hodge-Perez Laboratory,"7378 Corey Way Apt. 391
New Manuel, MD 75103",40813,Valeriefort,Alabama,Government Laboratory
Hammond-Coleman Laboratory,"88548 Brandy Meadows Apt. 707
Dianeton, ND 89415",5718,New Whitney,Wyoming,Private Laboratory
"Young, Weeks and Travis Laboratory","9248 Katherine Stravenue Apt. 170
Anthonybury, OH 77760",3465,Brianchester,Michigan,Private Laboratory
"Williams, Perez and Villarreal Laboratory","703 Sloan Camp
Port Katherinefort, OR 36800",37712,Brandyport,New Mexico,Hospital Laboratory
Rodriguez LLC Laboratory,"72777 Christina Meadows
New Tammychester, MO 48262",15226,Lake Amyport,Delaware,Government Laboratory
"Barnett, Allen and Schultz Laboratory","692 Christina Walk
Stephenbury, CT 07547",75983,Lake Catherine,Minnesota,University Laboratory
White PLC Laboratory,"11572 Byrd Ridges Suite 054
East Mary, MT 21621",16398,Foxbury,West Virginia,Collection Site
Rodriguez-Green Laboratory,"34612 Lopez Estate Suite 439
Lake Sandra, WY 97847",58734,East Kellystad,Kentucky,Collection Site
Phillips-Adams Laboratory,"286 King Mission
Blairborough, IL 76127",70791,North Phillipborough,New Jersey,Collection Site
Ramirez and Sons Laboratory,"723 Scott Wells Apt. 036
Michaelshire, ME 41225",67136,New Sheliamouth,Maine,Private Laboratory
Nichols and Sons Laboratory,"94277 Steven Pine
Adkinschester, NM 54246",3233,South Lee,New York,University Laboratory
"Baker, Wright and Browning Laboratory","075 Hudson Mill Suite 838
New Moniqueberg, KS 70449",60161,Lewisborough,Montana,Government Laboratory
Jenkins-Kelly Laboratory,"USS Novak
FPO AE 27735",51176,Lake Daniel,California,Hospital Laboratory
Day LLC Laboratory,"1399 Danielle Terrace Suite 198
Johnbury, UT 03760",15635,Port John,Massachusetts,Private Laboratory
Burgess PLC Laboratory,"35493 Holder Burg
North Justin, MS 86839",59182,South Melissachester,Oregon,Collection Site
Wilkinson PLC Laboratory,"1422 Susan Rapid
Christinetown, NY 97479",31091,Matthewchester,Delaware,Private Laboratory
"Guzman, Campbell and Stuart Laboratory","90419 Nathaniel Harbor
Sharonbury, MS 55770",18046,South Emilytown,Alabama,University Laboratory
"Hawkins, Spencer and Gutierrez Laboratory","089 Zachary Causeway
Port Alexander, SC 60213",94128,West Jeffreyview,Massachusetts,Collection Site
Bennett PLC Laboratory,"7130 Herring Terrace
Burnstown, OR 04335",61904,Kaylaberg,New Hampshire,Collection Site
"Rojas, Navarro and Barnes Laboratory","USCGC Johnson
FPO AP 42325",67522,Clarktown,Nevada,University Laboratory
Jacobs-Flores Laboratory,"584 Angela Groves Suite 765
West Tiffanyfurt, MT 16941",22576,South Colleenport,West Virginia,Hospital Laboratory
"Williams, Martinez and Bates Laboratory","870 Dawson Islands
New Taramouth, IL 44620",61966,Port Gloriaside,Iowa,University Laboratory
"Waters, Barnes and Schroeder Laboratory","USNV Foster
FPO AP 81463",85527,Davisport,Kansas,Collection Site
Bond Inc Laboratory,"02986 Carmen Square Suite 829
Lake Tonyaville, NC 73742",17834,Lawsonborough,Montana,Hospital Laboratory
Smith Ltd Laboratory,"Unit 9756 Box 3644
DPO AA 75013",92919,Bryanmouth,Iowa,Private Laboratory
Mcdonald Group Laboratory,"85389 Theresa Unions
New Jeremyview, FL 67703",52064,New Angela,Ohio,Private Laboratory
"Greene, Jordan and Haynes Laboratory","2772 Robles Common Apt. 286
Irwinville, CO 72554",49538,New Jeffrey,Massachusetts,University Laboratory
"Williams, Barker and Campos Laboratory","45694 Tran Freeway
Craigchester, CA 29460",86259,West William,California,Private Laboratory
Johnson and Sons Laboratory,"2544 Cox Street
Gordonhaven, DC 07519",82690,West Amandaberg,California,University Laboratory
"Hart, Gibbs and Patel Laboratory","2229 Berry Ways Suite 602
West Kayla, TN 28046",5525,North Daniel,Idaho,Hospital Laboratory
"Gutierrez, Young and White Laboratory","21804 Willie Tunnel
West Brittney, NE 50485",37268,New Laurenbury,Oklahoma,Collection Site
"Vasquez, Quinn and Bell Laboratory","221 Debra Summit
Jordanton, AZ 91364",86288,Schultzberg,Nebraska,University Laboratory
Ray and Sons Laboratory,"927 Johnson Path
Port Charles, TX 96993",4945,South Amanda,North Dakota,University Laboratory
"Yang, Hernandez and Miller Laboratory","3550 Gardner Valley
Lisaborough, KS 34057",99428,Leefurt,Montana,Collection Site
Pittman-Sanders Laboratory,"9636 Perez Track Apt. 037
Raymondfurt, WV 26503",19262,Robertborough,Kansas,Private Laboratory
"Hill, Mckay and Robinson Laboratory","914 Wallace Haven Apt. 255
Villanuevamouth, CT 06430",82124,South Todd,Florida,Government Laboratory
Cummings-Moore Laboratory,"2488 Harris Keys Apt. 391
Crawfordville, GA 04618",54081,Taylormouth,Delaware,University Laboratory
Williams Group Laboratory,"545 Munoz Wells
Dunlapside, FL 01649",59267,New Patriciafort,Connecticut,Collection Site
"Miller, Ramirez and Shields Laboratory","673 Thomas Path Apt. 252
West Terri, MS 18216",33522,New Gary,South Carolina,Collection Site
Liu-Lane Laboratory,"62859 Erica River
South Danielchester, MI 13396",23109,Deniseside,Texas,Collection Site
Stewart Inc Laboratory,"4643 Katrina Way Apt. 570
Port Bryanfort, WA 70164",82264,Robinsonport,Iowa,Collection Site
Ellis and Sons Laboratory,"PSC 5680, Box 8772
APO AA 74085",64580,New Seanburgh,Kansas,Government Laboratory
"Chase, Roberts and Wilson Laboratory","38548 Mccarthy Light Apt. 920
New Kimberlymouth, NC 19506",82472,New Elizabethbury,New York,Private Laboratory
Savage-Little Laboratory,"50356 Susan Street
South Marthabury, AZ 37046",1464,North Jacobburgh,New Mexico,University Laboratory
Wilson Inc Laboratory,"28079 Aaron Lake
West Courtney, AL 16774",51262,West Timothyfurt,Rhode Island,Collection Site
Holland PLC Laboratory,"881 Lopez Mountain
Port Gregory, AL 62658",8686,Smithshire,Vermont,Private Laboratory
"Li, Sanchez and Duncan Laboratory","25127 Douglas Village Suite 790
New Katherine, MD 15327",98524,Warnertown,North Dakota,Private Laboratory
White-Perry Laboratory,"912 Gonzalez Turnpike Apt. 209
Billyfurt, IN 67573",22104,South Charles,Idaho,University Laboratory
Hodges-Sloan Laboratory,"0948 Danny Junctions
New Gregory, GA 56008",47585,Oneillberg,Wyoming,Government Laboratory
"Khan, Jones and Grant Laboratory","891 Freeman Court
Mooretown, MI 52546",1994,Chaseborough,Montana,Government Laboratory
"Lee, Haney and Shepard Laboratory","03431 Megan Canyon Suite 495
Chelseafurt, OR 30783",13478,Stephaniemouth,Oregon,Hospital Laboratory
Harris Inc Laboratory,"195 Larry Forge
Guzmanview, CA 95857",12669,Garciaberg,Wyoming,Private Laboratory
"Hale, Carter and Torres Laboratory","78911 Melissa Prairie
East Daniel, KY 71435",65031,Nicoleborough,Idaho,Government Laboratory
Lane-Mcgee Laboratory,"153 Shannon Circle Apt. 838
North Danielle, ME 80440",78041,Haroldmouth,Montana,Hospital Laboratory
"Cohen, Mccann and Kline Laboratory","0848 Joshua Shores
North Allisontown, HI 03948",46362,South Ashley,Indiana,Hospital Laboratory
"Douglas, Romero and Gonzalez Laboratory","681 Michael Field
Ernestshire, NV 16871",14353,Port Daniellestad,New Jersey,Private Laboratory
"Johnson, Sexton and Rose Laboratory","PSC 7642, Box 2698
APO AE 52050",30044,Jacksonberg,Arizona,University Laboratory
Rice Group Laboratory,"PSC 7783, Box 5394
APO AA 46835",3716,Boydview,Oregon,Private Laboratory
Pratt-Castro Laboratory,"59087 Merritt Haven
Howardside, NV 74306",87622,West Michaelside,Iowa,University Laboratory
Lewis-Clay Laboratory,"PSC 1356, Box 8207
APO AE 49017",79371,Annaberg,New Jersey,Private Laboratory
Cochran-Gray Laboratory,"494 Ross Plain Apt. 753
West Davidberg, IA 23413",30606,Warrenville,Ohio,Hospital Laboratory
"Joseph, Bryant and Sanders Laboratory","3838 Maldonado Radial
Tanyaview, RI 71447",36467,Tinaborough,California,Hospital Laboratory
Clark-Bradford Laboratory,"9845 Foster Park Apt. 717
Lake Joannamouth, SD 94278",82341,Shawnmouth,Kansas,University Laboratory
"Ware, Ford and King Laboratory","29388 Christian Mountain
East Robin, WA 23424",12738,Stephanieton,Colorado,Private Laboratory
Davies Group Laboratory,"878 Michelle Row Suite 720
Rickyborough, TN 90921",5345,Douglasberg,Indiana,Private Laboratory
Lozano-Jackson Laboratory,"92643 Reid Extensions Apt. 624
East Melissa, SC 60960",50058,Jenniferchester,North Dakota,University Laboratory
Mays PLC Laboratory,"610 Susan Lodge
Port Annetteshire, NV 74541",23773,Butlertown,Virginia,University Laboratory
